"Label (Grouping)","Census Tract 102.06; Suffolk County; Massachusetts!!Total!!Estimate","Census Tract 102.06; Suffolk County; Massachusetts!!Below poverty level!!Estimate","Census Tract 102.06; Suffolk County; Massachusetts!!Percent below poverty level!!Estimate","Census Tract 103; Suffolk County; Massachusetts!!Total!!Estimate","Census Tract 103; Suffolk County; Massachusetts!!Below poverty level!!Estimate","Census Tract 103; Suffolk County; Massachusetts!!Percent below poverty level!!Estimate","Census Tract 104.03; Suffolk County; Massachusetts!!Total!!Estimate","Census Tract 104.03; Suffolk County; Massachusetts!!Below poverty level!!Estimate","Census Tract 104.03; Suffolk County; Massachusetts!!Percent below poverty level!!Estimate","Census Tract 104.04; Suffolk County; Massachusetts!!Total!!Estimate","Census Tract 104.04; Suffolk County; Massachusetts!!Below poverty level!!Estimate","Census Tract 104.04; Suffolk County; Massachusetts!!Percent below poverty level!!Estimate","Census Tract 104.05; Suffolk County; Massachusetts!!Total!!Estimate","Census Tract 104.05; Suffolk County; Massachusetts!!Below poverty level!!Estimate","Census Tract 104.05; Suffolk County; Massachusetts!!Percent below poverty level!!Estimate","Census Tract 105; Suffolk County; Massachusetts!!Total!!Estimate","Census Tract 105; Suffolk County; Massachusetts!!Below poverty level!!Estimate","Census Tract 105; Suffolk County; Massachusetts!!Percent below poverty level!!Estimate","Census Tract 106; Suffolk County; Massachusetts!!Total!!Estimate","Census Tract 106; Suffolk County; Massachusetts!!Below poverty level!!Estimate","Census Tract 106; Suffolk County; Massachusetts!!Percent below poverty level!!Estimate","Census Tract 705.02; Suffolk County; Massachusetts!!Total!!Estimate","Census Tract 705.02; Suffolk County; Massachusetts!!Below poverty level!!Estimate","Census Tract 705.02; Suffolk County; Massachusetts!!Percent below poverty level!!Estimate","Census Tract 706; Suffolk County; Massachusetts!!Total!!Estimate","Census Tract 706; Suffolk County; Massachusetts!!Below poverty level!!Estimate","Census Tract 706; Suffolk County; Massachusetts!!Percent below poverty level!!Estimate","Census Tract 707; Suffolk County; Massachusetts!!Total!!Estimate","Census Tract 707; Suffolk County; Massachusetts!!Below poverty level!!Estimate","Census Tract 707; Suffolk County; Massachusetts!!Percent below poverty level!!Estimate","Census Tract 708.01; Suffolk County; Massachusetts!!Total!!Estimate","Census Tract 708.01; Suffolk County; Massachusetts!!Below poverty level!!Estimate","Census Tract 708.01; Suffolk County; Massachusetts!!Percent below poverty level!!Estimate","Census Tract 708.02; Suffolk County; Massachusetts!!Total!!Estimate","Census Tract 708.02; Suffolk County; Massachusetts!!Below poverty level!!Estimate","Census Tract 708.02; Suffolk County; Massachusetts!!Percent below poverty level!!Estimate","Census Tract 709.01; Suffolk County; Massachusetts!!Total!!Estimate","Census Tract 709.01; Suffolk County; Massachusetts!!Below poverty level!!Estimate","Census Tract 709.01; Suffolk County; Massachusetts!!Percent below poverty level!!Estimate","Census Tract 709.02; Suffolk County; Massachusetts!!Total!!Estimate","Census Tract 709.02; Suffolk County; Massachusetts!!Below poverty level!!Estimate","Census Tract 709.02; Suffolk County; Massachusetts!!Percent below poverty level!!Estimate","Census Tract 711.01; Suffolk County; Massachusetts!!Total!!Estimate","Census Tract 711.01; Suffolk County; Massachusetts!!Below poverty level!!Estimate","Census Tract 711.01; Suffolk County; Massachusetts!!Percent below poverty level!!Estimate","Census Tract 801; Suffolk County; Massachusetts!!Total!!Estimate","Census Tract 801; Suffolk County; Massachusetts!!Below poverty level!!Estimate","Census Tract 801; Suffolk County; Massachusetts!!Percent below poverty level!!Estimate","Census Tract 803; Suffolk County; Massachusetts!!Total!!Estimate","Census Tract 803; Suffolk County; Massachusetts!!Below poverty level!!Estimate","Census Tract 803; Suffolk County; Massachusetts!!Percent below poverty level!!Estimate","Census Tract 804.01; Suffolk County; Massachusetts!!Total!!Estimate","Census Tract 804.01; Suffolk County; Massachusetts!!Below poverty level!!Estimate","Census Tract 804.01; Suffolk County; Massachusetts!!Percent below poverty level!!Estimate","Census Tract 805; Suffolk County; Massachusetts!!Total!!Estimate","Census Tract 805; Suffolk County; Massachusetts!!Below poverty level!!Estimate","Census Tract 805; Suffolk County; Massachusetts!!Percent below poverty level!!Estimate","Census Tract 806.01; Suffolk County; Massachusetts!!Total!!Estimate","Census Tract 806.01; Suffolk County; Massachusetts!!Below poverty level!!Estimate","Census Tract 806.01; Suffolk County; Massachusetts!!Percent below poverty level!!Estimate","Census Tract 808.01; Suffolk County; Massachusetts!!Total!!Estimate","Census Tract 808.01; Suffolk County; Massachusetts!!Below poverty level!!Estimate","Census Tract 808.01; Suffolk County; Massachusetts!!Percent below poverty level!!Estimate","Census Tract 809; Suffolk County; Massachusetts!!Total!!Estimate","Census Tract 809; Suffolk County; Massachusetts!!Below poverty level!!Estimate","Census Tract 809; Suffolk County; Massachusetts!!Percent below poverty level!!Estimate","Census Tract 813.01; Suffolk County; Massachusetts!!Total!!Estimate","Census Tract 813.01; Suffolk County; Massachusetts!!Below poverty level!!Estimate","Census Tract 813.01; Suffolk County; Massachusetts!!Percent below poverty level!!Estimate","Census Tract 813.02; Suffolk County; Massachusetts!!Total!!Estimate","Census Tract 813.02; Suffolk County; Massachusetts!!Below poverty level!!Estimate","Census Tract 813.02; Suffolk County; Massachusetts!!Percent below poverty level!!Estimate","Census Tract 814; Suffolk County; Massachusetts!!Total!!Estimate","Census Tract 814; Suffolk County; Massachusetts!!Below poverty level!!Estimate","Census Tract 814; Suffolk County; Massachusetts!!Percent below poverty level!!Estimate","Census Tract 815; Suffolk County; Massachusetts!!Total!!Estimate","Census Tract 815; Suffolk County; Massachusetts!!Below poverty level!!Estimate","Census Tract 815; Suffolk County; Massachusetts!!Percent below poverty level!!Estimate","Census Tract 817; Suffolk County; Massachusetts!!Total!!Estimate","Census Tract 817; Suffolk County; Massachusetts!!Below poverty level!!Estimate","Census Tract 817; Suffolk County; Massachusetts!!Percent below poverty level!!Estimate","Census Tract 818; Suffolk County; Massachusetts!!Total!!Estimate","Census Tract 818; Suffolk County; Massachusetts!!Below poverty level!!Estimate","Census Tract 818; Suffolk County; Massachusetts!!Percent below poverty level!!Estimate","Census Tract 819; Suffolk County; Massachusetts!!Total!!Estimate","Census Tract 819; Suffolk County; Massachusetts!!Below poverty level!!Estimate","Census Tract 819; Suffolk County; Massachusetts!!Percent below poverty level!!Estimate","Census Tract 820; Suffolk County; Massachusetts!!Total!!Estimate","Census Tract 820; Suffolk County; Massachusetts!!Below poverty level!!Estimate","Census Tract 820; Suffolk County; Massachusetts!!Percent below poverty level!!Estimate","Census Tract 821; Suffolk County; Massachusetts!!Total!!Estimate","Census Tract 821; Suffolk County; Massachusetts!!Below poverty level!!Estimate","Census Tract 821; Suffolk County; Massachusetts!!Percent below poverty level!!Estimate","Census Tract 901; Suffolk County; Massachusetts!!Total!!Estimate","Census Tract 901; Suffolk County; Massachusetts!!Below poverty level!!Estimate","Census Tract 901; Suffolk County; Massachusetts!!Percent below poverty level!!Estimate","Census Tract 902; Suffolk County; Massachusetts!!Total!!Estimate","Census Tract 902; Suffolk County; Massachusetts!!Below poverty level!!Estimate","Census Tract 902; Suffolk County; Massachusetts!!Percent below poverty level!!Estimate","Census Tract 903; Suffolk County; Massachusetts!!Total!!Estimate","Census Tract 903; Suffolk County; Massachusetts!!Below poverty level!!Estimate","Census Tract 903; Suffolk County; Massachusetts!!Percent below poverty level!!Estimate","Census Tract 904; Suffolk County; Massachusetts!!Total!!Estimate","Census Tract 904; Suffolk County; Massachusetts!!Below poverty level!!Estimate","Census Tract 904; Suffolk County; Massachusetts!!Percent below poverty level!!Estimate","Census Tract 906; Suffolk County; Massachusetts!!Total!!Estimate","Census Tract 906; Suffolk County; Massachusetts!!Below poverty level!!Estimate","Census Tract 906; Suffolk County; Massachusetts!!Percent below poverty level!!Estimate","Census Tract 907; Suffolk County; Massachusetts!!Total!!Estimate","Census Tract 907; Suffolk County; Massachusetts!!Below poverty level!!Estimate","Census Tract 907; Suffolk County; Massachusetts!!Percent below poverty level!!Estimate","Census Tract 913; Suffolk County; Massachusetts!!Total!!Estimate","Census Tract 913; Suffolk County; Massachusetts!!Below poverty level!!Estimate","Census Tract 913; Suffolk County; Massachusetts!!Percent below poverty level!!Estimate","Census Tract 914; Suffolk County; Massachusetts!!Total!!Estimate","Census Tract 914; Suffolk County; Massachusetts!!Below poverty level!!Estimate","Census Tract 914; Suffolk County; Massachusetts!!Percent below poverty level!!Estimate","Census Tract 924; Suffolk County; Massachusetts!!Total!!Estimate","Census Tract 924; Suffolk County; Massachusetts!!Below poverty level!!Estimate","Census Tract 924; Suffolk County; Massachusetts!!Percent below poverty level!!Estimate","Census Tract 1101.05; Suffolk County; Massachusetts!!Total!!Estimate","Census Tract 1101.05; Suffolk County; Massachusetts!!Below poverty level!!Estimate","Census Tract 1101.05; Suffolk County; Massachusetts!!Percent below poverty level!!Estimate","Census Tract 1202.01; Suffolk County; Massachusetts!!Total!!Estimate","Census Tract 1202.01; Suffolk County; Massachusetts!!Below poverty level!!Estimate","Census Tract 1202.01; Suffolk County; Massachusetts!!Percent below poverty level!!Estimate","Census Tract 1203.01; Suffolk County; Massachusetts!!Total!!Estimate","Census Tract 1203.01; Suffolk County; Massachusetts!!Below poverty level!!Estimate","Census Tract 1203.01; Suffolk County; Massachusetts!!Percent below poverty level!!Estimate","Census Tract 9803; Suffolk County; Massachusetts!!Total!!Estimate","Census Tract 9803; Suffolk County; Massachusetts!!Below poverty level!!Estimate","Census Tract 9803; Suffolk County; Massachusetts!!Percent below poverty level!!Estimate","Census Tract 9811; Suffolk County; Massachusetts!!Total!!Estimate","Census Tract 9811; Suffolk County; Massachusetts!!Below poverty level!!Estimate","Census Tract 9811; Suffolk County; Massachusetts!!Percent below poverty level!!Estimate"
"Population for whom poverty status is determined","2,218","650","29.3%","426","75","17.6%","2,665","1,465","55.0%","2,314","871","37.6%","1,880","722","38.4%","2,806","963","34.3%","3,174","490","15.4%","3,781","1,604","42.4%","2,228","58","2.6%","2,643","405","15.3%","1,049","293","27.9%","2,306","412","17.9%","1,271","268","21.1%","2,061","457","22.2%","3,788","882","23.3%","1,926","686","35.6%","2,048","742","36.2%","2,888","1,205","41.7%","3,698","1,244","33.6%","1,662","952","57.3%","2,767","1,394","50.4%","3,369","1,193","35.4%","2,676","1,357","50.7%","2,341","789","33.7%","3,418","1,001","29.3%","2,677","752","28.1%","3,804","1,106","29.1%","3,048","601","19.7%","3,123","592","19.0%","3,474","1,058","30.5%","5,980","1,122","18.8%","5,345","1,615","30.2%","2,943","769","26.1%","3,535","914","25.9%","3,711","659","17.8%","2,408","495","20.6%","4,111","718","17.5%","2,469","852","34.5%","3,041","694","22.8%","6,136","1,188","19.4%","2,677","212","7.9%","4,459","557","12.5%","4,820","532","11.0%","175","159","90.9%","4","0","0.0%"
"    AGE","","","","","","","","","","","","","","","","","","","","","","","","","","","","","","","","","","","","","","","","","","","","","","","","","","","","","","","","","","","","","","","","","","","","","","","","","","","","","","","","","","","","","","","","","","","","","","","","","","","","","","","","","","","","","","","","","","","","","","","","","","","","","","","","","","","","","","",""
"        Under 18 years","58","2","3.4%","75","0","0.0%","59","59","100.0%","125","2","1.6%","329","0","0.0%","133","9","6.8%","208","0","0.0%","531","337","63.5%","431","0","0.0%","267","143","53.6%","63","0","0.0%","73","0","0.0%","138","60","43.5%","233","37","15.9%","264","53","20.1%","389","117","30.1%","405","249","61.5%","670","352","52.5%","973","456","46.9%","274","237","86.5%","669","424","63.4%","42","0","0.0%","823","535","65.0%","356","165","46.3%","375","138","36.8%","415","204","49.2%","660","165","25.0%","576","189","32.8%","310","78","25.2%","674","397","58.9%","1,536","448","29.2%","1,504","594","39.5%","1,098","317","28.9%","1,045","415","39.7%","884","220","24.9%","438","103","23.5%","438","46","10.5%","612","318","52.0%","712","159","22.3%","1,836","421","22.9%","258","0","0.0%","779","16","2.1%","817","57","7.0%","0","0","-","0","0","-"
"            Under 5 years","0","0","-","75","0","0.0%","0","0","-","74","0","0.0%","126","0","0.0%","79","0","0.0%","84","0","0.0%","96","0","0.0%","177","0","0.0%","83","0","0.0%","63","0","0.0%","28","0","0.0%","10","0","0.0%","126","0","0.0%","102","0","0.0%","31","0","0.0%","214","111","51.9%","81","73","90.1%","233","33","14.2%","15","0","0.0%","131","57","43.5%","15","0","0.0%","189","83","43.9%","79","23","29.1%","36","0","0.0%","66","2","3.0%","99","22","22.2%","156","53","34.0%","127","13","10.2%","90","68","75.6%","545","246","45.1%","296","79","26.7%","500","93","18.6%","163","79","48.5%","165","82","49.7%","86","0","0.0%","128","0","0.0%","94","62","66.0%","166","45","27.1%","386","110","28.5%","117","0","0.0%","496","0","0.0%","278","0","0.0%","0","0","-","0","0","-"
"            5 to 17 years","58","2","3.4%","0","0","-","59","59","100.0%","51","2","3.9%","203","0","0.0%","54","9","16.7%","124","0","0.0%","435","337","77.5%","254","0","0.0%","184","143","77.7%","0","0","-","45","0","0.0%","128","60","46.9%","107","37","34.6%","162","53","32.7%","358","117","32.7%","191","138","72.3%","589","279","47.4%","740","423","57.2%","259","237","91.5%","538","367","68.2%","27","0","0.0%","634","452","71.3%","277","142","51.3%","339","138","40.7%","349","202","57.9%","561","143","25.5%","420","136","32.4%","183","65","35.5%","584","329","56.3%","991","202","20.4%","1,208","515","42.6%","598","224","37.5%","882","336","38.1%","719","138","19.2%","352","103","29.3%","310","46","14.8%","518","256","49.4%","546","114","20.9%","1,450","311","21.4%","141","0","0.0%","283","16","5.7%","539","57","10.6%","0","0","-","0","0","-"
"            Related children of householder under 18 years","56","0","0.0%","75","0","0.0%","59","59","100.0%","125","2","1.6%","329","0","0.0%","133","9","6.8%","208","0","0.0%","531","337","63.5%","431","0","0.0%","267","143","53.6%","63","0","0.0%","73","0","0.0%","138","60","43.5%","233","37","15.9%","264","53","20.1%","389","117","30.1%","405","249","61.5%","662","344","52.0%","973","456","46.9%","274","237","86.5%","669","424","63.4%","42","0","0.0%","823","535","65.0%","333","142","42.6%","375","138","36.8%","415","204","49.2%","650","155","23.8%","544","157","28.9%","310","78","25.2%","674","397","58.9%","1,536","448","29.2%","1,504","594","39.5%","1,098","317","28.9%","1,045","415","39.7%","884","220","24.9%","438","103","23.5%","438","46","10.5%","612","318","52.0%","712","159","22.3%","1,836","421","22.9%","258","0","0.0%","779","16","2.1%","817","57","7.0%","0","0","-","0","0","-"
"        18 to 64 years","2,134","648","30.4%","325","59","18.2%","2,187","1,197","54.7%","2,092","814","38.9%","1,216","560","46.1%","2,255","739","32.8%","2,352","404","17.2%","2,734","1,077","39.4%","1,539","45","2.9%","1,890","202","10.7%","884","293","33.1%","1,785","266","14.9%","983","158","16.1%","1,604","299","18.6%","2,998","634","21.1%","1,284","457","35.6%","1,594","488","30.6%","1,734","622","35.9%","2,320","659","28.4%","1,123","537","47.8%","1,917","881","46.0%","2,899","1,123","38.7%","1,297","464","35.8%","1,543","474","30.7%","2,696","820","30.4%","1,902","483","25.4%","2,474","590","23.8%","1,975","316","16.0%","2,342","326","13.9%","2,398","549","22.9%","3,532","491","13.9%","3,124","782","25.0%","1,600","362","22.6%","2,223","498","22.4%","2,439","292","12.0%","1,634","246","15.1%","3,065","500","16.3%","1,593","465","29.2%","1,957","499","25.5%","3,618","653","18.0%","2,216","206","9.3%","3,395","456","13.4%","3,582","350","9.8%","153","137","89.5%","4","0","0.0%"
"            18 to 34 years","1,562","643","41.2%","213","53","24.9%","1,639","1,138","69.4%","1,587","719","45.3%","790","419","53.0%","1,652","695","42.1%","1,031","232","22.5%","611","54","8.8%","600","12","2.0%","758","139","18.3%","703","293","41.7%","981","93","9.5%","347","91","26.2%","774","208","26.9%","1,700","288","16.9%","525","184","35.0%","886","282","31.8%","720","340","47.2%","1,091","325","29.8%","628","274","43.6%","997","440","44.1%","2,311","1,110","48.0%","653","247","37.8%","704","218","31.0%","1,561","483","30.9%","1,086","324","29.8%","1,144","238","20.8%","834","52","6.2%","821","118","14.4%","1,054","229","21.7%","1,713","82","4.8%","1,298","360","27.7%","750","147","19.6%","865","185","21.4%","958","95","9.9%","690","124","18.0%","1,765","221","12.5%","766","270","35.2%","667","239","35.8%","1,698","256","15.1%","1,227","159","13.0%","1,864","206","11.1%","1,714","104","6.1%","0","0","-","0","0","-"
"            35 to 64 years","572","5","0.9%","112","6","5.4%","548","59","10.8%","505","95","18.8%","426","141","33.1%","603","44","7.3%","1,321","172","13.0%","2,123","1,023","48.2%","939","33","3.5%","1,132","63","5.6%","181","0","0.0%","804","173","21.5%","636","67","10.5%","830","91","11.0%","1,298","346","26.7%","759","273","36.0%","708","206","29.1%","1,014","282","27.8%","1,229","334","27.2%","495","263","53.1%","920","441","47.9%","588","13","2.2%","644","217","33.7%","839","256","30.5%","1,135","337","29.7%","816","159","19.5%","1,330","352","26.5%","1,141","264","23.1%","1,521","208","13.7%","1,344","320","23.8%","1,819","409","22.5%","1,826","422","23.1%","850","215","25.3%","1,358","313","23.0%","1,481","197","13.3%","944","122","12.9%","1,300","279","21.5%","827","195","23.6%","1,290","260","20.2%","1,920","397","20.7%","989","47","4.8%","1,531","250","16.3%","1,868","246","13.2%","153","137","89.5%","4","0","0.0%"
"        60 years and over","105","0","0.0%","58","16","27.6%","458","209","45.6%","196","55","28.1%","454","227","50.0%","500","216","43.2%","707","86","12.2%","1,115","461","41.3%","363","37","10.2%","582","60","10.3%","102","0","0.0%","600","170","28.3%","245","62","25.3%","340","133","39.1%","815","300","36.8%","303","133","43.9%","164","62","37.8%","760","293","38.6%","533","187","35.1%","340","194","57.1%","311","134","43.1%","569","70","12.3%","658","420","63.8%","524","150","28.6%","636","205","32.2%","559","131","23.4%","985","405","41.1%","726","149","20.5%","716","246","34.4%","617","178","28.8%","1,414","312","22.1%","927","270","29.1%","436","130","29.8%","435","47","10.8%","591","178","30.1%","460","189","41.1%","737","185","25.1%","450","77","17.1%","485","50","10.3%","1,037","176","17.0%","365","32","8.8%","402","85","21.1%","728","211","29.0%","46","46","100.0%","0","0","-"
"        65 years and over","26","0","0.0%","26","16","61.5%","419","209","49.9%","97","55","56.7%","335","162","48.4%","418","215","51.4%","614","86","14.0%","516","190","36.8%","258","13","5.0%","486","60","12.3%","102","0","0.0%","448","146","32.6%","150","50","33.3%","224","121","54.0%","526","195","37.1%","253","112","44.3%","49","5","10.2%","484","231","47.7%","405","129","31.9%","265","178","67.2%","181","89","49.2%","428","70","16.4%","556","358","64.4%","442","150","33.9%","347","43","12.4%","360","65","18.1%","670","351","52.4%","497","96","19.3%","471","188","39.9%","402","112","27.9%","912","183","20.1%","717","239","33.3%","245","90","36.7%","267","1","0.4%","388","147","37.9%","336","146","43.5%","608","172","28.3%","264","69","26.1%","372","36","9.7%","682","114","16.7%","203","6","3.0%","285","85","29.8%","421","125","29.7%","22","22","100.0%","0","0","-"
"    SEX","","","","","","","","","","","","","","","","","","","","","","","","","","","","","","","","","","","","","","","","","","","","","","","","","","","","","","","","","","","","","","","","","","","","","","","","","","","","","","","","","","","","","","","","","","","","","","","","","","","","","","","","","","","","","","","","","","","","","","","","","","","","","","","","","","","","","","",""
"        Male","1,197","410","34.3%","236","38","16.1%","1,521","877","57.7%","797","206","25.8%","786","329","41.9%","1,181","451","38.2%","1,478","186","12.6%","1,825","867","47.5%","1,081","47","4.3%","1,283","92","7.2%","305","0","0.0%","1,120","158","14.1%","422","121","28.7%","969","197","20.3%","2,082","389","18.7%","1,047","381","36.4%","790","242","30.6%","1,312","562","42.8%","1,544","691","44.8%","878","543","61.8%","1,479","764","51.7%","1,915","679","35.5%","1,192","341","28.6%","1,226","394","32.1%","1,753","517","29.5%","1,000","121","12.1%","1,655","524","31.7%","1,481","342","23.1%","1,276","293","23.0%","1,706","501","29.4%","2,099","424","20.2%","2,416","592","24.5%","1,578","423","26.8%","1,775","430","24.2%","1,538","173","11.2%","1,318","289","21.9%","1,844","291","15.8%","1,140","288","25.3%","1,304","251","19.2%","2,358","330","14.0%","1,164","92","7.9%","2,488","281","11.3%","2,388","256","10.7%","175","159","90.9%","4","0","0.0%"
"        Female","1,021","240","23.5%","190","37","19.5%","1,144","588","51.4%","1,517","665","43.8%","1,094","393","35.9%","1,625","512","31.5%","1,696","304","17.9%","1,956","737","37.7%","1,147","11","1.0%","1,360","313","23.0%","744","293","39.4%","1,186","254","21.4%","849","147","17.3%","1,092","260","23.8%","1,706","493","28.9%","879","305","34.7%","1,258","500","39.7%","1,576","643","40.8%","2,154","553","25.7%","784","409","52.2%","1,288","630","48.9%","1,454","514","35.4%","1,484","1,016","68.5%","1,115","395","35.4%","1,665","484","29.1%","1,677","631","37.6%","2,149","582","27.1%","1,567","259","16.5%","1,847","299","16.2%","1,768","557","31.5%","3,881","698","18.0%","2,929","1,023","34.9%","1,365","346","25.3%","1,760","484","27.5%","2,173","486","22.4%","1,090","206","18.9%","2,267","427","18.8%","1,329","564","42.4%","1,737","443","25.5%","3,778","858","22.7%","1,513","120","7.9%","1,971","276","14.0%","2,432","276","11.3%","0","0","-","0","0","-"
"    RACE AND HISPANIC OR LATINO ORIGIN","","","","","","","","","","","","","","","","","","","","","","","","","","","","","","","","","","","","","","","","","","","","","","","","","","","","","","","","","","","","","","","","","","","","","","","","","","","","","","","","","","","","","","","","","","","","","","","","","","","","","","","","","","","","","","","","","","","","","","","","","","","","","","","","","","","","","","",""
"        White alone","1,311","533","40.7%","214","46","21.5%","1,555","802","51.6%","1,346","376","27.9%","793","351","44.3%","1,522","442","29.0%","2,076","216","10.4%","1,157","108","9.3%","1,778","56","3.1%","1,370","108","7.9%","716","238","33.2%","1,448","160","11.0%","396","54","13.6%","1,352","177","13.1%","2,196","390","17.8%","455","159","34.9%","495","235","47.5%","368","140","38.0%","495","273","55.2%","246","89","36.2%","427","203","47.5%","2,223","685","30.8%","1,040","689","66.3%","309","210","68.0%","1,400","368","26.3%","448","78","17.4%","357","23","6.4%","168","41","24.4%","390","173","44.4%","386","162","42.0%","970","229","23.6%","488","275","56.4%","163","126","77.3%","596","259","43.5%","288","27","9.4%","284","53","18.7%","2,925","310","10.6%","224","39","17.4%","381","137","36.0%","311","3","1.0%","1,710","79","4.6%","2,461","120","4.9%","2,256","204","9.0%","153","153","100.0%","4","0","0.0%"
"        Black or African American alone","310","0","0.0%","23","5","21.7%","55","39","70.9%","78","62","79.5%","306","162","52.9%","480","191","39.8%","212","68","32.1%","272","152","55.9%","68","0","0.0%","660","126","19.1%","66","0","0.0%","388","164","42.3%","270","164","60.7%","262","50","19.1%","659","162","24.6%","698","182","26.1%","1,026","336","32.7%","1,274","784","61.5%","1,205","550","45.6%","645","348","54.0%","1,484","832","56.1%","169","52","30.8%","845","237","28.0%","715","244","34.1%","1,357","497","36.6%","1,580","592","37.5%","2,605","714","27.4%","1,792","152","8.5%","1,837","171","9.3%","2,259","270","12.0%","3,205","315","9.8%","3,460","857","24.8%","1,233","329","26.7%","1,600","438","27.4%","2,604","508","19.5%","1,345","55","4.1%","350","135","38.6%","1,024","365","35.6%","1,448","333","23.0%","2,905","434","14.9%","528","6","1.1%","738","169","22.9%","662","197","29.8%","6","6","100.0%","0","0","-"
"        American Indian and Alaska Native alone","14","0","0.0%","0","0","-","0","0","-","0","0","-","0","0","-","0","0","-","0","0","-","0","0","-","0","0","-","29","29","100.0%","0","0","-","0","0","-","0","0","-","38","6","15.8%","18","18","100.0%","78","0","0.0%","0","0","-","10","0","0.0%","218","0","0.0%","0","0","-","0","0","-","61","61","100.0%","0","0","-","0","0","-","0","0","-","10","0","0.0%","18","0","0.0%","0","0","-","27","0","0.0%","0","0","-","0","0","-","0","0","-","0","0","-","0","0","-","22","0","0.0%","9","0","0.0%","0","0","-","81","0","0.0%","0","0","-","49","0","0.0%","6","0","0.0%","0","0","-","0","0","-","0","0","-","0","0","-"
"        Asian alone","286","79","27.6%","46","14","30.4%","602","346","57.5%","566","348","61.5%","262","173","66.0%","365","218","59.7%","656","206","31.4%","1,144","591","51.7%","63","2","3.2%","257","18","7.0%","139","0","0.0%","124","53","42.7%","293","0","0.0%","160","61","38.1%","565","299","52.9%","68","0","0.0%","75","65","86.7%","128","86","67.2%","193","58","30.1%","430","277","64.4%","191","77","40.3%","610","372","61.0%","79","55","69.6%","0","0","-","165","27","16.4%","22","0","0.0%","166","89","53.6%","28","0","0.0%","24","9","37.5%","27","0","0.0%","0","0","-","0","0","-","20","17","85.0%","132","0","0.0%","81","9","11.1%","18","0","0.0%","306","178","58.2%","65","15","23.1%","71","6","8.5%","35","0","0.0%","224","52","23.2%","461","115","24.9%","259","10","3.9%","0","0","-","0","0","-"
"        Native Hawaiian and Other Pacific Islander alone","0","0","-","0","0","-","0","0","-","67","0","0.0%","0","0","-","0","0","-","0","0","-","0","0","-","0","0","-","126","0","0.0%","0","0","-","0","0","-","0","0","-","0","0","-","0","0","-","0","0","-","0","0","-","0","0","-","0","0","-","0","0","-","0","0","-","0","0","-","0","0","-","0","0","-","0","0","-","0","0","-","0","0","-","0","0","-","0","0","-","0","0","-","0","0","-","0","0","-","0","0","-","0","0","-","0","0","-","0","0","-","0","0","-","0","0","-","0","0","-","0","0","-","0","0","-","0","0","-","0","0","-","0","0","-","0","0","-"
"        Some other race alone","119","0","0.0%","0","0","-","109","14","12.8%","157","62","39.5%","82","36","43.9%","56","56","100.0%","67","0","0.0%","872","682","78.2%","25","0","0.0%","95","85","89.5%","0","0","-","64","23","35.9%","94","0","0.0%","178","163","91.6%","109","0","0.0%","295","112","38.0%","202","22","10.9%","808","117","14.5%","1,176","276","23.5%","193","115","59.6%","452","266","58.8%","148","13","8.8%","371","155","41.8%","613","192","31.3%","206","21","10.2%","467","32","6.9%","386","243","63.0%","599","366","61.1%","216","101","46.8%","339","280","82.6%","1,099","119","10.8%","852","83","9.7%","507","207","40.8%","749","131","17.5%","374","66","17.6%","271","121","44.6%","275","53","19.3%","371","162","43.7%","528","102","19.3%","1,151","469","40.7%","50","18","36.0%","437","23","5.3%","827","35","4.2%","0","0","-","0","0","-"
"        Two or more races","178","38","21.3%","143","10","7.0%","344","264","76.7%","100","23","23.0%","437","0","0.0%","383","56","14.6%","163","0","0.0%","336","71","21.1%","294","0","0.0%","106","39","36.8%","128","55","43.0%","282","12","4.3%","218","50","22.9%","71","0","0.0%","241","13","5.4%","332","233","70.2%","250","84","33.6%","300","78","26.0%","411","87","21.2%","148","123","83.1%","213","16","7.5%","158","10","6.3%","341","221","64.8%","704","143","20.3%","290","88","30.3%","150","50","33.3%","272","37","13.6%","461","42","9.1%","629","138","21.9%","463","346","74.7%","706","459","65.0%","545","400","73.4%","1,020","90","8.8%","458","86","18.8%","342","49","14.3%","481","266","55.3%","255","42","16.5%","704","271","38.5%","613","116","18.9%","1,685","282","16.7%","159","57","35.8%","362","130","35.9%","816","86","10.5%","16","0","0.0%","0","0","-"
"        Hispanic or Latino origin (of any race)","575","135","23.5%","156","12","7.7%","293","156","53.2%","314","94","29.9%","637","51","8.0%","564","177","31.4%","166","40","24.1%","1,367","877","64.2%","129","0","0.0%","241","150","62.2%","121","55","45.5%","243","23","9.5%","353","0","0.0%","282","182","64.5%","356","57","16.0%","537","273","50.8%","684","314","45.9%","1,507","404","26.8%","1,314","417","31.7%","381","251","65.9%","1,036","493","47.6%","423","51","12.1%","1,475","1,060","71.9%","1,351","418","30.9%","537","108","20.1%","613","72","11.7%","908","336","37.0%","843","438","52.0%","784","281","35.8%","894","691","77.3%","2,171","596","27.5%","1,760","619","35.2%","875","386","44.1%","1,489","297","19.9%","874","240","27.5%","426","187","43.9%","519","131","25.2%","520","182","35.0%","1,159","312","26.9%","2,735","580","21.2%","166","18","10.8%","844","184","21.8%","1,542","110","7.1%","22","22","100.0%","0","0","-"
"        White alone, not Hispanic or Latino","1,066","436","40.9%","187","35","18.7%","1,383","679","49.1%","1,226","356","29.0%","683","336","49.2%","1,344","331","24.6%","2,062","202","9.8%","1,044","30","2.9%","1,719","56","3.3%","1,289","87","6.7%","716","238","33.2%","1,428","160","11.2%","233","54","23.2%","1,296","140","10.8%","2,056","333","16.2%","437","141","32.3%","266","12","4.5%","204","89","43.6%","375","178","47.5%","194","89","45.9%","57","0","0.0%","2,045","647","31.6%","334","80","24.0%","221","122","55.2%","1,248","325","26.0%","383","38","9.9%","245","23","9.4%","168","41","24.4%","234","95","40.6%","187","51","27.3%","652","150","23.0%","340","225","66.2%","74","37","50.0%","325","195","60.0%","150","14","9.3%","220","53","24.1%","2,744","245","8.9%","176","39","22.2%","200","107","53.5%","9","3","33.3%","1,628","79","4.9%","2,169","75","3.5%","2,166","152","7.0%","131","131","100.0%","4","0","0.0%"
"    EDUCATIONAL ATTAINMENT","","","","","","","","","","","","","","","","","","","","","","","","","","","","","","","","","","","","","","","","","","","","","","","","","","","","","","","","","","","","","","","","","","","","","","","","","","","","","","","","","","","","","","","","","","","","","","","","","","","","","","","","","","","","","","","","","","","","","","","","","","","","","","","","","","","","","","",""
"        Population 25 years and over","1,472","275","18.7%","268","25","9.3%","1,710","646","37.8%","946","184","19.5%","1,053","386","36.7%","2,044","508","24.9%","2,660","354","13.3%","3,149","1,242","39.4%","1,766","58","3.3%","2,199","195","8.9%","659","55","8.3%","2,175","400","18.4%","914","134","14.7%","1,689","368","21.8%","3,224","750","23.3%","1,406","516","36.7%","1,414","425","30.1%","1,832","657","35.9%","2,096","569","27.1%","957","469","49.0%","1,642","719","43.8%","1,799","398","22.1%","1,610","785","48.8%","1,805","593","32.9%","2,072","421","20.3%","1,800","470","26.1%","2,820","845","30.0%","1,978","391","19.8%","2,505","462","18.4%","2,359","511","21.7%","4,040","655","16.2%","3,232","873","27.0%","1,605","389","24.2%","2,256","427","18.9%","2,319","381","16.4%","1,677","319","19.0%","3,167","491","15.5%","1,465","401","27.4%","2,079","363","17.5%","3,424","610","17.8%","2,229","150","6.7%","3,461","501","14.5%","3,637","430","11.8%","175","159","90.9%","4","0","0.0%"
"            Less than high school graduate","26","0","0.0%","38","11","28.9%","20","20","100.0%","59","0","0.0%","152","75","49.3%","33","33","100.0%","65","35","53.8%","1,009","613","60.8%","29","11","37.9%","134","62","46.3%","62","0","0.0%","121","121","100.0%","98","29","29.6%","190","134","70.5%","267","227","85.0%","300","161","53.7%","294","139","47.3%","446","176","39.5%","373","110","29.5%","332","200","60.2%","601","369","61.4%","60","38","63.3%","567","391","69.0%","591","287","48.6%","224","120","53.6%","456","288","63.2%","499","251","50.3%","457","171","37.4%","383","222","58.0%","478","290","60.7%","635","129","20.3%","530","168","31.7%","373","177","47.5%","634","45","7.1%","341","94","27.6%","406","104","25.6%","286","125","43.7%","407","125","30.7%","298","60","20.1%","758","273","36.0%","69","0","0.0%","190","79","41.6%","254","135","53.1%","39","39","100.0%","0","0","-"
"            High school graduate (includes equivalency)","212","5","2.4%","16","5","31.3%","84","0","0.0%","83","75","90.4%","342","139","40.6%","115","101","87.8%","119","28","23.5%","453","274","60.5%","71","0","0.0%","270","53","19.6%","25","0","0.0%","202","73","36.1%","231","96","41.6%","104","39","37.5%","343","182","53.1%","318","142","44.7%","219","48","21.9%","681","271","39.8%","542","188","34.7%","155","90","58.1%","307","134","43.6%","147","13","8.8%","306","33","10.8%","543","48","8.8%","465","195","41.9%","439","88","20.0%","779","364","46.7%","479","154","32.2%","479","55","11.5%","592","137","23.1%","1,672","356","21.3%","1,223","345","28.2%","383","106","27.7%","812","269","33.1%","741","142","19.2%","602","154","25.6%","590","191","32.4%","350","73","20.9%","674","98","14.5%","1,403","113","8.1%","96","6","6.3%","284","73","25.7%","431","93","21.6%","123","107","87.0%","0","0","-"
"            Some college, associate's degree","113","25","22.1%","15","0","0.0%","338","213","63.0%","107","8","7.5%","242","92","38.0%","200","23","11.5%","183","101","55.2%","486","170","35.0%","68","11","16.2%","244","8","3.3%","135","55","40.7%","203","60","29.6%","250","9","3.6%","164","50","30.5%","811","196","24.2%","309","96","31.1%","382","102","26.7%","385","108","28.1%","546","176","32.2%","260","152","58.5%","440","127","28.9%","248","32","12.9%","337","265","78.6%","316","155","49.1%","182","43","23.6%","239","68","28.5%","661","92","13.9%","655","66","10.1%","912","176","19.3%","492","39","7.9%","1,240","105","8.5%","869","285","32.8%","375","40","10.7%","397","62","15.6%","768","76","9.9%","339","44","13.0%","384","83","21.6%","344","112","32.6%","555","163","29.4%","941","224","23.8%","227","16","7.0%","429","37","8.6%","553","165","29.8%","0","0","-","0","0","-"
"            Bachelor's degree or higher","1,121","245","21.9%","199","9","4.5%","1,268","413","32.6%","697","101","14.5%","317","80","25.2%","1,696","351","20.7%","2,293","190","8.3%","1,201","185","15.4%","1,598","36","2.3%","1,551","72","4.6%","437","0","0.0%","1,649","146","8.9%","335","0","0.0%","1,231","145","11.8%","1,803","145","8.0%","479","117","24.4%","519","136","26.2%","320","102","31.9%","635","95","15.0%","210","27","12.9%","294","89","30.3%","1,344","315","23.4%","400","96","24.0%","355","103","29.0%","1,201","63","5.2%","666","26","3.9%","881","138","15.7%","387","0","0.0%","731","9","1.2%","797","45","5.6%","493","65","13.2%","610","75","12.3%","474","66","13.9%","413","51","12.3%","469","69","14.7%","330","17","5.2%","1,907","92","4.8%","364","91","25.0%","552","42","7.6%","322","0","0.0%","1,837","128","7.0%","2,558","312","12.2%","2,399","37","1.5%","13","13","100.0%","4","0","0.0%"
"    EMPLOYMENT STATUS","","","","","","","","","","","","","","","","","","","","","","","","","","","","","","","","","","","","","","","","","","","","","","","","","","","","","","","","","","","","","","","","","","","","","","","","","","","","","","","","","","","","","","","","","","","","","","","","","","","","","","","","","","","","","","","","","","","","","","","","","","","","","","","","","","","","","","",""
"        Civilian labor force 16 years and over","1,601","213","13.3%","239","20","8.4%","1,611","734","45.6%","1,353","333","24.6%","715","139","19.4%","1,389","260","18.7%","1,985","168","8.5%","2,090","639","30.6%","1,519","45","3.0%","1,833","101","5.5%","591","124","21.0%","1,575","106","6.7%","695","47","6.8%","1,394","149","10.7%","2,354","97","4.1%","874","163","18.6%","1,043","142","13.6%","1,453","411","28.3%","1,666","285","17.1%","704","221","31.4%","1,356","460","33.9%","1,942","444","22.9%","947","88","9.3%","1,007","81","8.0%","1,997","393","19.7%","1,481","270","18.2%","1,942","291","15.0%","1,625","145","8.9%","2,113","207","9.8%","1,838","242","13.2%","2,233","237","10.6%","2,350","401","17.1%","1,218","185","15.2%","1,805","239","13.2%","1,905","186","9.8%","1,284","127","9.9%","2,582","243","9.4%","1,227","241","19.6%","1,663","237","14.3%","2,981","509","17.1%","2,186","128","5.9%","2,907","79","2.7%","3,164","173","5.5%","80","64","80.0%","4","0","0.0%"
"            Employed","1,543","184","11.9%","239","20","8.4%","1,514","687","45.4%","1,333","333","25.0%","633","126","19.9%","1,270","260","20.5%","1,928","162","8.4%","1,507","186","12.3%","1,468","45","3.1%","1,712","29","1.7%","591","124","21.0%","1,535","83","5.4%","640","17","2.7%","1,322","94","7.1%","2,202","55","2.5%","813","141","17.3%","824","61","7.4%","1,288","304","23.6%","1,402","205","14.6%","645","193","29.9%","1,109","326","29.4%","1,882","399","21.2%","849","88","10.4%","953","81","8.5%","1,767","294","16.6%","1,281","137","10.7%","1,695","132","7.8%","1,464","106","7.2%","1,945","129","6.6%","1,782","217","12.2%","1,999","159","8.0%","2,085","287","13.8%","1,118","175","15.7%","1,650","131","7.9%","1,661","105","6.3%","1,225","91","7.4%","2,469","145","5.9%","1,099","184","16.7%","1,507","170","11.3%","2,639","360","13.6%","2,109","95","4.5%","2,859","69","2.4%","3,086","147","4.8%","57","41","71.9%","4","0","0.0%"
"                Male","809","104","12.9%","96","8","8.3%","812","351","43.2%","463","71","15.3%","284","24","8.5%","687","129","18.8%","966","55","5.7%","749","99","13.2%","793","45","5.7%","926","0","0.0%","156","0","0.0%","659","15","2.3%","206","17","8.3%","615","31","5.0%","1,308","11","0.8%","411","86","20.9%","295","34","11.5%","616","131","21.3%","563","132","23.4%","336","124","36.9%","572","55","9.6%","1,036","247","23.8%","449","21","4.7%","580","54","9.3%","834","175","21.0%","639","0","0.0%","614","65","10.6%","623","61","9.8%","738","73","9.9%","916","119","13.0%","490","50","10.2%","986","87","8.8%","587","90","15.3%","823","33","4.0%","675","8","1.2%","649","22","3.4%","1,168","54","4.6%","459","5","1.1%","448","28","6.3%","1,079","138","12.8%","889","28","3.1%","1,586","49","3.1%","1,507","44","2.9%","57","41","71.9%","4","0","0.0%"
"                Female","734","80","10.9%","143","12","8.4%","702","336","47.9%","870","262","30.1%","349","102","29.2%","583","131","22.5%","962","107","11.1%","758","87","11.5%","675","0","0.0%","786","29","3.7%","435","124","28.5%","876","68","7.8%","434","0","0.0%","707","63","8.9%","894","44","4.9%","402","55","13.7%","529","27","5.1%","672","173","25.7%","839","73","8.7%","309","69","22.3%","537","271","50.5%","846","152","18.0%","400","67","16.8%","373","27","7.2%","933","119","12.8%","642","137","21.3%","1,081","67","6.2%","841","45","5.4%","1,207","56","4.6%","866","98","11.3%","1,509","109","7.2%","1,099","200","18.2%","531","85","16.0%","827","98","11.9%","986","97","9.8%","576","69","12.0%","1,301","91","7.0%","640","179","28.0%","1,059","142","13.4%","1,560","222","14.2%","1,220","67","5.5%","1,273","20","1.6%","1,579","103","6.5%","0","0","-","0","0","-"
"            Unemployed","58","29","50.0%","0","0","-","97","47","48.5%","20","0","0.0%","82","13","15.9%","119","0","0.0%","57","6","10.5%","583","453","77.7%","51","0","0.0%","121","72","59.5%","0","0","-","40","23","57.5%","55","30","54.5%","72","55","76.4%","152","42","27.6%","61","22","36.1%","219","81","37.0%","165","107","64.8%","264","80","30.3%","59","28","47.5%","247","134","54.3%","60","45","75.0%","98","0","0.0%","54","0","0.0%","230","99","43.0%","200","133","66.5%","247","159","64.4%","161","39","24.2%","168","78","46.4%","56","25","44.6%","234","78","33.3%","265","114","43.0%","100","10","10.0%","155","108","69.7%","244","81","33.2%","59","36","61.0%","113","98","86.7%","128","57","44.5%","156","67","42.9%","342","149","43.6%","77","33","42.9%","48","10","20.8%","78","26","33.3%","23","23","100.0%","0","0","-"
"                Male","2","2","100.0%","0","0","-","78","40","51.3%","0","0","-","18","13","72.2%","53","0","0.0%","24","6","25.0%","497","420","84.5%","22","0","0.0%","29","0","0.0%","0","0","-","17","0","0.0%","22","8","36.4%","7","0","0.0%","103","10","9.7%","36","8","22.2%","92","0","0.0%","60","60","100.0%","139","58","41.7%","40","12","30.0%","99","88","88.9%","35","35","100.0%","98","0","0.0%","0","0","-","150","19","12.7%","48","14","29.2%","140","97","69.3%","93","0","0.0%","116","72","62.1%","31","0","0.0%","132","29","22.0%","110","0","0.0%","72","0","0.0%","101","83","82.2%","69","6","8.7%","45","30","66.7%","70","70","100.0%","96","36","37.5%","106","52","49.1%","179","49","27.4%","52","33","63.5%","38","0","0.0%","57","19","33.3%","23","23","100.0%","0","0","-"
"                Female","56","27","48.2%","0","0","-","19","7","36.8%","20","0","0.0%","64","0","0.0%","66","0","0.0%","33","0","0.0%","86","33","38.4%","29","0","0.0%","92","72","78.3%","0","0","-","23","23","100.0%","33","22","66.7%","65","55","84.6%","49","32","65.3%","25","14","56.0%","127","81","63.8%","105","47","44.8%","125","22","17.6%","19","16","84.2%","148","46","31.1%","25","10","40.0%","0","0","-","54","0","0.0%","80","80","100.0%","152","119","78.3%","107","62","57.9%","68","39","57.4%","52","6","11.5%","25","25","100.0%","102","49","48.0%","155","114","73.5%","28","10","35.7%","54","25","46.3%","175","75","42.9%","14","6","42.9%","43","28","65.1%","32","21","65.6%","50","15","30.0%","163","100","61.3%","25","0","0.0%","10","10","100.0%","21","7","33.3%","0","0","-","0","0","-"
"    WORK EXPERIENCE","","","","","","","","","","","","","","","","","","","","","","","","","","","","","","","","","","","","","","","","","","","","","","","","","","","","","","","","","","","","","","","","","","","","","","","","","","","","","","","","","","","","","","","","","","","","","","","","","","","","","","","","","","","","","","","","","","","","","","","","","","","","","","","","","","","","","","",""
"        Population 16 years and over","2,160","648","30.0%","351","75","21.4%","2,606","1,406","54.0%","2,189","869","39.7%","1,615","722","44.7%","2,673","954","35.7%","2,966","490","16.5%","3,456","1,429","41.3%","1,797","58","3.2%","2,411","297","12.3%","986","293","29.7%","2,233","412","18.5%","1,133","208","18.4%","1,877","457","24.3%","3,524","829","23.5%","1,601","594","37.1%","1,694","533","31.5%","2,347","907","38.6%","2,870","858","29.9%","1,396","715","51.2%","2,192","1,064","48.5%","3,354","1,193","35.6%","1,866","822","44.1%","2,025","647","32.0%","3,141","928","29.5%","2,311","557","24.1%","3,283","993","30.2%","2,587","444","17.2%","2,826","527","18.6%","2,893","745","25.8%","4,545","703","15.5%","3,986","1,073","26.9%","2,006","515","25.7%","2,665","532","20.0%","2,854","447","15.7%","2,017","418","20.7%","3,698","672","18.2%","1,945","563","28.9%","2,373","535","22.5%","4,505","805","17.9%","2,419","212","8.8%","3,711","541","14.6%","4,135","504","12.2%","175","159","90.9%","4","0","0.0%"
"            Worked full-time, year-round in the past 12 months","1,074","20","1.9%","180","0","0.0%","660","61","9.2%","714","11","1.5%","260","11","4.2%","732","39","5.3%","1,456","37","2.5%","1,102","65","5.9%","1,266","35","2.8%","1,207","18","1.5%","401","0","0.0%","1,230","20","1.6%","440","17","3.9%","1,057","20","1.9%","1,733","0","0.0%","539","15","2.8%","610","0","0.0%","617","29","4.7%","721","36","5.0%","266","21","7.9%","706","21","3.0%","1,031","5","0.5%","428","0","0.0%","636","0","0.0%","1,084","93","8.6%","863","0","0.0%","976","19","1.9%","1,050","45","4.3%","1,529","22","1.4%","1,139","6","0.5%","1,436","46","3.2%","1,285","103","8.0%","725","50","6.9%","1,087","33","3.0%","1,066","7","0.7%","893","36","4.0%","1,885","11","0.6%","720","13","1.8%","990","20","2.0%","1,639","60","3.7%","1,651","0","0.0%","2,253","13","0.6%","2,430","19","0.8%","16","0","0.0%","4","0","0.0%"
"            Worked part-time or part-year in the past 12 months","565","260","46.0%","84","30","35.7%","1,059","720","68.0%","1,050","489","46.6%","598","212","35.5%","1,118","276","24.7%","655","130","19.8%","954","500","52.4%","250","10","4.0%","641","99","15.4%","355","175","49.3%","419","116","27.7%","292","46","15.8%","369","125","33.9%","803","199","24.8%","504","231","45.8%","517","156","30.2%","830","367","44.2%","1,246","391","31.4%","482","228","47.3%","569","345","60.6%","1,341","560","41.8%","509","88","17.3%","439","129","29.4%","1,148","410","35.7%","532","195","36.7%","1,027","292","28.4%","580","61","10.5%","524","107","20.4%","874","214","24.5%","1,362","162","11.9%","1,043","280","26.8%","479","128","26.7%","708","219","30.9%","955","150","15.7%","422","55","13.0%","670","149","22.2%","518","265","51.2%","756","232","30.7%","1,458","300","20.6%","540","136","25.2%","896","266","29.7%","859","164","19.1%","64","64","100.0%","0","0","-"
"            Did not work","521","368","70.6%","87","45","51.7%","887","625","70.5%","425","369","86.8%","757","499","65.9%","823","639","77.6%","855","323","37.8%","1,400","864","61.7%","281","13","4.6%","563","180","32.0%","230","118","51.3%","584","276","47.3%","401","145","36.2%","451","312","69.2%","988","630","63.8%","558","348","62.4%","567","377","66.5%","900","511","56.8%","903","431","47.7%","648","466","71.9%","917","698","76.1%","982","628","64.0%","929","734","79.0%","950","518","54.5%","909","425","46.8%","916","362","39.5%","1,280","682","53.3%","957","338","35.3%","773","398","51.5%","880","525","59.7%","1,747","495","28.3%","1,658","690","41.6%","802","337","42.0%","870","280","32.2%","833","290","34.8%","702","327","46.6%","1,143","512","44.8%","707","285","40.3%","627","283","45.1%","1,408","445","31.6%","228","76","33.3%","562","262","46.6%","846","321","37.9%","95","95","100.0%","0","0","-"
"    ALL INDIVIDUALS WITH INCOME BELOW THE FOLLOWING POVERTY RATIOS","","","","","","","","","","","","","","","","","","","","","","","","","","","","","","","","","","","","","","","","","","","","","","","","","","","","","","","","","","","","","","","","","","","","","","","","","","","","","","","","","","","","","","","","","","","","","","","","","","","","","","","","","","","","","","","","","","","","","","","","","","","","","","","","","","","","","","",""
"        50 percent of poverty level","575","(X)","(X)","42","(X)","(X)","818","(X)","(X)","696","(X)","(X)","417","(X)","(X)","642","(X)","(X)","289","(X)","(X)","431","(X)","(X)","49","(X)","(X)","199","(X)","(X)","293","(X)","(X)","183","(X)","(X)","101","(X)","(X)","249","(X)","(X)","448","(X)","(X)","376","(X)","(X)","625","(X)","(X)","792","(X)","(X)","679","(X)","(X)","554","(X)","(X)","594","(X)","(X)","848","(X)","(X)","909","(X)","(X)","545","(X)","(X)","396","(X)","(X)","397","(X)","(X)","437","(X)","(X)","223","(X)","(X)","244","(X)","(X)","667","(X)","(X)","699","(X)","(X)","705","(X)","(X)","162","(X)","(X)","492","(X)","(X)","301","(X)","(X)","209","(X)","(X)","340","(X)","(X)","448","(X)","(X)","264","(X)","(X)","439","(X)","(X)","176","(X)","(X)","438","(X)","(X)","178","(X)","(X)","70","(X)","(X)","0","(X)","(X)"
"        125 percent of poverty level","764","(X)","(X)","80","(X)","(X)","1,522","(X)","(X)","981","(X)","(X)","885","(X)","(X)","1,022","(X)","(X)","570","(X)","(X)","1,659","(X)","(X)","95","(X)","(X)","588","(X)","(X)","293","(X)","(X)","487","(X)","(X)","514","(X)","(X)","467","(X)","(X)","933","(X)","(X)","699","(X)","(X)","764","(X)","(X)","1,470","(X)","(X)","1,335","(X)","(X)","1,005","(X)","(X)","1,537","(X)","(X)","1,306","(X)","(X)","1,394","(X)","(X)","1,304","(X)","(X)","1,199","(X)","(X)","793","(X)","(X)","1,176","(X)","(X)","715","(X)","(X)","895","(X)","(X)","1,113","(X)","(X)","1,860","(X)","(X)","1,997","(X)","(X)","913","(X)","(X)","1,316","(X)","(X)","851","(X)","(X)","504","(X)","(X)","1,128","(X)","(X)","1,014","(X)","(X)","869","(X)","(X)","1,765","(X)","(X)","266","(X)","(X)","826","(X)","(X)","605","(X)","(X)","159","(X)","(X)","0","(X)","(X)"
"        150 percent of poverty level","791","(X)","(X)","93","(X)","(X)","1,557","(X)","(X)","1,138","(X)","(X)","919","(X)","(X)","1,041","(X)","(X)","636","(X)","(X)","2,053","(X)","(X)","104","(X)","(X)","628","(X)","(X)","386","(X)","(X)","633","(X)","(X)","548","(X)","(X)","497","(X)","(X)","988","(X)","(X)","806","(X)","(X)","900","(X)","(X)","1,554","(X)","(X)","1,376","(X)","(X)","1,038","(X)","(X)","1,697","(X)","(X)","1,467","(X)","(X)","1,594","(X)","(X)","1,417","(X)","(X)","1,320","(X)","(X)","1,054","(X)","(X)","1,586","(X)","(X)","824","(X)","(X)","900","(X)","(X)","1,217","(X)","(X)","2,225","(X)","(X)","2,293","(X)","(X)","999","(X)","(X)","1,756","(X)","(X)","1,064","(X)","(X)","586","(X)","(X)","1,219","(X)","(X)","1,139","(X)","(X)","1,142","(X)","(X)","1,900","(X)","(X)","293","(X)","(X)","906","(X)","(X)","777","(X)","(X)","159","(X)","(X)","0","(X)","(X)"
"        185 percent of poverty level","801","(X)","(X)","93","(X)","(X)","1,567","(X)","(X)","1,316","(X)","(X)","1,406","(X)","(X)","1,114","(X)","(X)","643","(X)","(X)","2,053","(X)","(X)","164","(X)","(X)","728","(X)","(X)","395","(X)","(X)","657","(X)","(X)","632","(X)","(X)","525","(X)","(X)","1,164","(X)","(X)","939","(X)","(X)","960","(X)","(X)","1,920","(X)","(X)","1,607","(X)","(X)","1,130","(X)","(X)","1,788","(X)","(X)","1,558","(X)","(X)","1,696","(X)","(X)","1,479","(X)","(X)","1,518","(X)","(X)","1,218","(X)","(X)","1,768","(X)","(X)","1,111","(X)","(X)","1,039","(X)","(X)","1,374","(X)","(X)","2,787","(X)","(X)","2,535","(X)","(X)","1,240","(X)","(X)","2,058","(X)","(X)","1,392","(X)","(X)","804","(X)","(X)","1,272","(X)","(X)","1,298","(X)","(X)","1,334","(X)","(X)","2,424","(X)","(X)","333","(X)","(X)","1,015","(X)","(X)","903","(X)","(X)","159","(X)","(X)","0","(X)","(X)"
"        200 percent of poverty level","954","(X)","(X)","107","(X)","(X)","1,659","(X)","(X)","1,366","(X)","(X)","1,435","(X)","(X)","1,163","(X)","(X)","660","(X)","(X)","2,147","(X)","(X)","164","(X)","(X)","728","(X)","(X)","436","(X)","(X)","657","(X)","(X)","649","(X)","(X)","525","(X)","(X)","1,187","(X)","(X)","1,054","(X)","(X)","984","(X)","(X)","1,940","(X)","(X)","1,792","(X)","(X)","1,136","(X)","(X)","1,806","(X)","(X)","1,596","(X)","(X)","1,700","(X)","(X)","1,540","(X)","(X)","1,549","(X)","(X)","1,265","(X)","(X)","1,881","(X)","(X)","1,111","(X)","(X)","1,049","(X)","(X)","1,374","(X)","(X)","2,787","(X)","(X)","2,922","(X)","(X)","1,284","(X)","(X)","2,224","(X)","(X)","1,622","(X)","(X)","947","(X)","(X)","1,313","(X)","(X)","1,327","(X)","(X)","1,397","(X)","(X)","2,629","(X)","(X)","352","(X)","(X)","1,110","(X)","(X)","1,177","(X)","(X)","159","(X)","(X)","0","(X)","(X)"
"        300 percent of poverty level","1,348","(X)","(X)","157","(X)","(X)","1,907","(X)","(X)","1,610","(X)","(X)","1,643","(X)","(X)","1,336","(X)","(X)","841","(X)","(X)","2,436","(X)","(X)","210","(X)","(X)","860","(X)","(X)","622","(X)","(X)","937","(X)","(X)","886","(X)","(X)","614","(X)","(X)","1,492","(X)","(X)","1,228","(X)","(X)","1,378","(X)","(X)","2,130","(X)","(X)","2,559","(X)","(X)","1,259","(X)","(X)","2,157","(X)","(X)","1,947","(X)","(X)","2,032","(X)","(X)","1,768","(X)","(X)","1,997","(X)","(X)","1,689","(X)","(X)","2,694","(X)","(X)","1,859","(X)","(X)","1,283","(X)","(X)","1,689","(X)","(X)","4,391","(X)","(X)","3,653","(X)","(X)","1,545","(X)","(X)","2,554","(X)","(X)","2,118","(X)","(X)","1,420","(X)","(X)","1,469","(X)","(X)","1,529","(X)","(X)","1,777","(X)","(X)","4,222","(X)","(X)","471","(X)","(X)","1,636","(X)","(X)","1,580","(X)","(X)","175","(X)","(X)","0","(X)","(X)"
"        400 percent of poverty level","1,365","(X)","(X)","196","(X)","(X)","1,987","(X)","(X)","1,708","(X)","(X)","1,782","(X)","(X)","1,916","(X)","(X)","1,074","(X)","(X)","2,454","(X)","(X)","250","(X)","(X)","984","(X)","(X)","643","(X)","(X)","1,096","(X)","(X)","895","(X)","(X)","816","(X)","(X)","1,730","(X)","(X)","1,439","(X)","(X)","1,691","(X)","(X)","2,528","(X)","(X)","3,134","(X)","(X)","1,405","(X)","(X)","2,545","(X)","(X)","2,352","(X)","(X)","2,245","(X)","(X)","2,041","(X)","(X)","2,204","(X)","(X)","2,089","(X)","(X)","3,030","(X)","(X)","2,293","(X)","(X)","1,491","(X)","(X)","2,180","(X)","(X)","5,265","(X)","(X)","4,420","(X)","(X)","2,340","(X)","(X)","2,717","(X)","(X)","2,585","(X)","(X)","1,658","(X)","(X)","1,911","(X)","(X)","1,812","(X)","(X)","2,176","(X)","(X)","4,902","(X)","(X)","697","(X)","(X)","2,111","(X)","(X)","2,072","(X)","(X)","175","(X)","(X)","0","(X)","(X)"
"        500 percent of poverty level","1,546","(X)","(X)","210","(X)","(X)","2,098","(X)","(X)","1,831","(X)","(X)","1,796","(X)","(X)","1,992","(X)","(X)","1,346","(X)","(X)","2,572","(X)","(X)","295","(X)","(X)","1,064","(X)","(X)","649","(X)","(X)","1,341","(X)","(X)","959","(X)","(X)","970","(X)","(X)","2,116","(X)","(X)","1,598","(X)","(X)","1,820","(X)","(X)","2,632","(X)","(X)","3,395","(X)","(X)","1,440","(X)","(X)","2,663","(X)","(X)","2,596","(X)","(X)","2,346","(X)","(X)","2,189","(X)","(X)","2,371","(X)","(X)","2,258","(X)","(X)","3,160","(X)","(X)","2,618","(X)","(X)","1,787","(X)","(X)","2,562","(X)","(X)","5,312","(X)","(X)","4,711","(X)","(X)","2,767","(X)","(X)","3,159","(X)","(X)","2,893","(X)","(X)","1,872","(X)","(X)","2,163","(X)","(X)","1,980","(X)","(X)","2,396","(X)","(X)","5,315","(X)","(X)","1,203","(X)","(X)","2,398","(X)","(X)","2,677","(X)","(X)","175","(X)","(X)","4","(X)","(X)"
"UNRELATED INDIVIDUALS FOR WHOM POVERTY STATUS IS DETERMINED","1,597","650","40.7%","225","75","33.3%","2,117","1,243","58.7%","1,743","831","47.7%","1,190","664","55.8%","2,062","849","41.2%","1,533","361","23.5%","1,352","598","44.2%","854","58","6.8%","1,121","157","14.0%","761","293","38.5%","1,619","412","25.4%","497","141","28.4%","1,021","270","26.4%","2,224","565","25.4%","853","441","51.7%","652","287","44.0%","1,017","546","53.7%","1,034","486","47.0%","619","408","65.9%","860","423","49.2%","2,949","1,193","40.5%","789","413","52.3%","1,238","553","44.7%","1,728","706","40.9%","760","221","29.1%","1,772","697","39.3%","691","345","49.9%","979","372","38.0%","793","277","34.9%","1,410","366","26.0%","875","316","36.1%","333","196","58.9%","725","181","25.0%","415","178","42.9%","539","202","37.5%","2,011","479","23.8%","418","145","34.7%","780","309","39.6%","767","277","36.1%","1,295","212","16.4%","1,969","524","26.6%","2,046","449","21.9%","175","159","90.9%","4","0","0.0%"
"    Male","914","410","44.9%","105","38","36.2%","1,250","771","61.7%","532","183","34.4%","619","299","48.3%","847","400","47.2%","739","158","21.4%","814","465","57.1%","460","47","10.2%","641","46","7.2%","202","0","0.0%","790","158","20.0%","72","37","51.4%","531","148","27.9%","1,203","250","20.8%","452","268","59.3%","203","65","32.0%","456","233","51.1%","561","344","61.3%","337","272","80.7%","615","273","44.4%","1,725","679","39.4%","457","160","35.0%","717","273","38.1%","800","294","36.8%","328","64","19.5%","879","366","41.6%","323","171","52.9%","442","215","48.6%","503","130","25.8%","498","183","36.7%","459","159","34.6%","215","131","60.9%","396","93","23.5%","160","30","18.8%","380","141","37.1%","961","222","23.1%","193","19","9.8%","339","160","47.2%","234","86","36.8%","574","92","16.0%","1,017","265","26.1%","986","228","23.1%","175","159","90.9%","4","0","0.0%"
"    Female","683","240","35.1%","120","37","30.8%","867","472","54.4%","1,211","648","53.5%","571","365","63.9%","1,215","449","37.0%","794","203","25.6%","538","133","24.7%","394","11","2.8%","480","111","23.1%","559","293","52.4%","829","254","30.6%","425","104","24.5%","490","122","24.9%","1,021","315","30.9%","401","173","43.1%","449","222","49.4%","561","313","55.8%","473","142","30.0%","282","136","48.2%","245","150","61.2%","1,224","514","42.0%","332","253","76.2%","521","280","53.7%","928","412","44.4%","432","157","36.3%","893","331","37.1%","368","174","47.3%","537","157","29.2%","290","147","50.7%","912","183","20.1%","416","157","37.7%","118","65","55.1%","329","88","26.7%","255","148","58.0%","159","61","38.4%","1,050","257","24.5%","225","126","56.0%","441","149","33.8%","533","191","35.8%","721","120","16.6%","952","259","27.2%","1,060","221","20.8%","0","0","-","0","0","-"
"    15 years","2","2","100.0%","0","0","-","0","0","-","0","0","-","0","0","-","0","0","-","0","0","-","0","0","-","0","0","-","0","0","-","0","0","-","0","0","-","0","0","-","0","0","-","0","0","-","0","0","-","0","0","-","0","0","-","0","0","-","0","0","-","0","0","-","0","0","-","0","0","-","0","0","-","0","0","-","0","0","-","10","10","100.0%","0","0","-","0","0","-","0","0","-","0","0","-","0","0","-","0","0","-","0","0","-","0","0","-","0","0","-","0","0","-","0","0","-","0","0","-","0","0","-","0","0","-","0","0","-","0","0","-","0","0","-","0","0","-"
"    16 to 17 years","0","0","-","0","0","-","0","0","-","0","0","-","0","0","-","0","0","-","0","0","-","0","0","-","0","0","-","0","0","-","0","0","-","0","0","-","0","0","-","0","0","-","0","0","-","0","0","-","0","0","-","0","0","-","0","0","-","0","0","-","0","0","-","0","0","-","0","0","-","23","23","100.0%","0","0","-","0","0","-","0","0","-","32","32","100.0%","0","0","-","0","0","-","0","0","-","0","0","-","0","0","-","0","0","-","0","0","-","0","0","-","0","0","-","0","0","-","0","0","-","0","0","-","0","0","-","0","0","-","0","0","-","0","0","-","0","0","-"
"    18 to 24 years","514","373","72.6%","83","50","60.2%","858","722","84.1%","1,144","685","59.9%","459","336","73.2%","551","441","80.0%","288","118","41.0%","11","11","100.0%","17","0","0.0%","114","67","58.8%","306","238","77.8%","23","12","52.2%","141","74","52.5%","75","26","34.7%","256","79","30.9%","63","46","73.0%","87","7","8.0%","135","122","90.4%","348","190","54.6%","311","219","70.4%","237","106","44.7%","1,492","795","53.3%","155","37","23.9%","41","31","75.6%","842","442","52.5%","147","31","21.1%","61","35","57.4%","13","13","100.0%","115","42","36.5%","56","50","89.3%","156","0","0.0%","42","42","100.0%","22","0","0.0%","85","67","78.8%","29","29","100.0%","37","23","62.2%","302","153","50.7%","48","27","56.3%","99","97","98.0%","144","0","0.0%","174","62","35.6%","183","40","21.9%","298","45","15.1%","0","0","-","0","0","-"
"    25 to 34 years","783","270","34.5%","63","3","4.8%","562","325","57.8%","276","34","12.3%","183","83","45.4%","912","249","27.3%","587","96","16.4%","333","29","8.7%","337","12","3.6%","311","26","8.4%","281","55","19.6%","699","81","11.6%","52","17","32.7%","435","114","26.2%","1,034","165","16.0%","235","123","52.3%","234","123","52.6%","158","43","27.2%","132","37","28.0%","72","28","38.9%","188","48","25.5%","749","315","42.1%","137","26","19.0%","500","163","32.6%","407","41","10.1%","228","62","27.2%","436","123","28.2%","39","31","79.5%","155","51","32.9%","215","52","24.2%","297","6","2.0%","224","26","11.6%","15","0","0.0%","189","1","0.5%","94","0","0.0%","143","37","25.9%","955","26","2.7%","182","64","35.2%","184","45","24.5%","31","2","6.5%","713","97","13.6%","987","166","16.8%","818","59","7.2%","0","0","-","0","0","-"
"    35 to 44 years","188","3","1.6%","27","0","0.0%","215","59","27.4%","144","87","60.4%","68","25","36.8%","131","26","19.8%","254","18","7.1%","132","8","6.1%","162","9","5.6%","321","14","4.4%","38","0","0.0%","98","47","48.0%","109","0","0.0%","122","16","13.1%","97","27","27.8%","155","70","45.2%","100","41","41.0%","87","2","2.3%","99","31","31.3%","3","3","100.0%","0","0","-","194","13","6.7%","0","0","-","114","5","4.4%","23","0","0.0%","69","0","0.0%","122","49","40.2%","76","58","76.3%","99","11","11.1%","203","17","8.4%","27","3","11.1%","164","4","2.4%","77","37","48.1%","131","8","6.1%","80","54","67.5%","135","50","37.0%","110","0","0.0%","34","1","2.9%","94","40","42.6%","56","0","0.0%","107","16","15.0%","416","209","50.2%","262","62","23.7%","39","23","59.0%","4","0","0.0%"
"    45 to 54 years","76","0","0.0%","21","6","28.6%","160","0","0.0%","76","6","7.9%","36","21","58.3%","62","0","0.0%","70","7","10.0%","363","263","72.5%","96","0","0.0%","60","0","0.0%","66","0","0.0%","138","38","27.5%","81","0","0.0%","144","16","11.1%","222","19","8.6%","142","58","40.8%","86","39","45.3%","101","56","55.4%","108","84","77.8%","34","34","100.0%","188","129","68.6%","77","0","0.0%","168","128","76.2%","162","104","64.2%","41","11","26.8%","93","26","28.0%","303","74","24.4%","97","41","42.3%","204","41","20.1%","43","18","41.9%","157","74","47.1%","130","69","53.1%","62","44","71.0%","81","7","8.6%","5","0","0.0%","69","3","4.3%","162","94","58.0%","37","16","43.2%","182","71","39.0%","121","81","66.9%","5","5","100.0%","133","16","12.0%","241","58","24.1%","32","32","100.0%","0","0","-"
"    55 to 64 years","8","2","25.0%","5","0","0.0%","35","0","0.0%","69","0","0.0%","207","95","45.9%","170","18","10.6%","132","65","49.2%","255","156","61.2%","128","24","18.8%","140","39","27.9%","20","0","0.0%","213","88","41.3%","34","25","73.5%","120","29","24.2%","399","197","49.4%","90","44","48.9%","138","72","52.2%","232","122","52.6%","171","35","20.5%","77","35","45.5%","173","91","52.6%","97","0","0.0%","82","39","47.6%","129","93","72.1%","253","169","66.8%","107","59","55.1%","394","134","34.0%","217","80","36.9%","218","110","50.5%","77","28","36.4%","365","100","27.4%","130","103","79.2%","31","31","100.0%","156","97","62.2%","68","31","45.6%","64","24","37.5%","168","57","33.9%","89","24","27.0%","108","33","30.6%","93","80","86.0%","162","26","16.0%","74","8","10.8%","238","126","52.9%","82","82","100.0%","0","0","-"
"    65 to 74 years","0","0","-","15","5","33.3%","146","46","31.5%","28","13","46.4%","154","79","51.3%","176","102","58.0%","59","9","15.3%","116","65","56.0%","76","11","14.5%","120","0","0.0%","50","0","0.0%","233","12","5.2%","25","25","100.0%","104","57","54.8%","85","15","17.6%","149","100","67.1%","4","2","50.0%","118","83","70.3%","146","79","54.1%","100","67","67.0%","48","23","47.9%","94","2","2.1%","74","37","50.0%","145","50","34.5%","87","25","28.7%","72","43","59.7%","304","212","69.7%","133","63","47.4%","68","45","66.2%","154","67","43.5%","181","77","42.5%","119","23","19.3%","77","58","75.3%","82","0","0.0%","92","37","40.2%","68","56","82.4%","139","35","25.2%","21","13","61.9%","68","13","19.1%","219","113","51.6%","119","0","0.0%","106","51","48.1%","177","87","49.2%","22","22","100.0%","0","0","-"
"    75 years and over","26","0","0.0%","11","11","100.0%","141","91","64.5%","6","6","100.0%","83","25","30.1%","60","13","21.7%","143","48","33.6%","142","66","46.5%","38","2","5.3%","55","11","20.0%","0","0","-","215","134","62.3%","55","0","0.0%","21","12","57.1%","131","63","48.1%","19","0","0.0%","3","3","100.0%","186","118","63.4%","30","30","100.0%","22","22","100.0%","26","26","100.0%","246","68","27.6%","173","146","84.4%","124","84","67.7%","75","18","24.0%","44","0","0.0%","142","60","42.3%","84","27","32.1%","120","72","60.0%","45","45","100.0%","227","106","46.7%","66","49","74.2%","49","26","53.1%","1","1","100.0%","47","27","57.4%","23","9","39.1%","175","114","65.1%","7","0","0.0%","45","10","22.2%","103","1","1.0%","15","6","40.0%","70","34","48.6%","12","12","100.0%","0","0","-","0","0","-"
"    Mean income deficit for unrelated individuals (dollars)","11,322","(X)","(X)","8,581","(X)","(X)","8,532","(X)","(X)","10,016","(X)","(X)","8,232","(X)","(X)","10,055","(X)","(X)","8,105","(X)","(X)","5,667","(X)","(X)","N","(X)","(X)","8,317","(X)","(X)","10,372","(X)","(X)","6,600","(X)","(X)","9,426","(X)","(X)","8,339","(X)","(X)","7,814","(X)","(X)","9,115","(X)","(X)","9,255","(X)","(X)","7,584","(X)","(X)","8,322","(X)","(X)","9,796","(X)","(X)","7,343","(X)","(X)","9,794","(X)","(X)","7,469","(X)","(X)","9,050","(X)","(X)","7,964","(X)","(X)","7,452","(X)","(X)","4,376","(X)","(X)","8,375","(X)","(X)","5,456","(X)","(X)","7,144","(X)","(X)","8,399","(X)","(X)","5,825","(X)","(X)","5,512","(X)","(X)","7,482","(X)","(X)","7,487","(X)","(X)","6,809","(X)","(X)","9,183","(X)","(X)","N","(X)","(X)","9,559","(X)","(X)","8,423","(X)","(X)","10,640","(X)","(X)","8,420","(X)","(X)","6,848","(X)","(X)","7,444","(X)","(X)","-","(X)","(X)"
"    Worked full-time, year-round in the past 12 months","781","20","2.6%","103","0","0.0%","403","19","4.7%","490","11","2.2%","209","11","5.3%","497","39","7.8%","814","32","3.9%","583","0","0.0%","621","35","5.6%","573","18","3.1%","265","0","0.0%","830","20","2.4%","150","17","11.3%","566","0","0.0%","1,068","0","0.0%","219","0","0.0%","260","0","0.0%","348","0","0.0%","258","13","5.0%","61","10","16.4%","341","0","0.0%","888","5","0.6%","192","0","0.0%","474","0","0.0%","456","8","1.8%","344","0","0.0%","581","0","0.0%","150","0","0.0%","413","22","5.3%","332","6","1.8%","693","46","6.6%","340","25","7.4%","73","0","0.0%","401","0","0.0%","101","0","0.0%","258","0","0.0%","1,160","11","0.9%","160","0","0.0%","304","20","6.6%","270","0","0.0%","905","0","0.0%","1,102","13","1.2%","1,167","19","1.6%","16","0","0.0%","4","0","0.0%"
"    Worked less than full-time, year-round in the past 12 months","420","260","61.9%","62","30","48.4%","1,037","709","68.4%","895","489","54.6%","380","212","55.8%","940","276","29.4%","322","130","40.4%","303","285","94.1%","156","10","6.4%","317","56","17.7%","328","175","53.4%","243","116","47.7%","70","13","18.6%","216","73","33.8%","579","139","24.0%","247","115","46.6%","188","95","50.5%","234","226","96.6%","438","207","47.3%","187","86","46.0%","174","117","67.2%","1,214","560","46.1%","135","12","8.9%","179","124","69.3%","803","338","42.1%","216","74","34.3%","405","184","45.4%","154","58","37.7%","241","73","30.3%","207","44","21.3%","216","27","12.5%","223","48","21.5%","74","47","63.5%","176","94","53.4%","104","46","44.2%","55","2","3.6%","323","108","33.4%","159","100","62.9%","217","110","50.7%","131","61","46.6%","309","136","44.0%","524","266","50.8%","464","109","23.5%","64","64","100.0%","0","0","-"
"    Did not work","396","370","93.4%","60","45","75.0%","677","515","76.1%","358","331","92.5%","601","441","73.4%","625","534","85.4%","397","199","50.1%","466","313","67.2%","77","13","16.9%","231","83","35.9%","168","118","70.2%","546","276","50.5%","277","111","40.1%","239","197","82.4%","577","426","73.8%","387","326","84.2%","204","192","94.1%","435","320","73.6%","338","266","78.7%","371","312","84.1%","345","306","88.7%","847","628","74.1%","462","401","86.8%","585","429","73.3%","469","360","76.8%","200","147","73.5%","786","513","65.3%","387","287","74.2%","325","277","85.2%","254","227","89.4%","501","293","58.5%","312","243","77.9%","186","149","80.1%","148","87","58.8%","210","132","62.9%","226","200","88.5%","528","360","68.2%","99","45","45.5%","259","179","69.1%","366","216","59.0%","81","76","93.8%","343","245","71.4%","415","321","77.3%","95","95","100.0%","0","0","-"
"    Population in housing units for whom poverty status is determined","2,198","636","28.9%","426","75","17.6%","2,665","1,465","55.0%","2,279","855","37.5%","1,724","660","38.3%","2,750","925","33.6%","3,174","490","15.4%","3,757","1,591","42.3%","2,217","54","2.4%","2,643","405","15.3%","1,049","293","27.9%","2,226","356","16.0%","1,269","266","21.0%","2,034","430","21.1%","3,582","685","19.1%","1,596","435","27.3%","2,023","718","35.5%","2,848","1,169","41.0%","3,693","1,240","33.6%","1,647","937","56.9%","2,767","1,394","50.4%","3,359","1,184","35.2%","2,620","1,311","50.0%","2,235","683","30.6%","3,392","975","28.7%","2,657","737","27.7%","3,754","1,075","28.6%","3,035","595","19.6%","3,082","551","17.9%","3,474","1,058","30.5%","5,958","1,113","18.7%","5,319","1,589","29.9%","2,896","722","24.9%","3,516","895","25.5%","3,680","647","17.6%","2,327","414","17.8%","4,077","711","17.4%","2,460","843","34.3%","2,772","528","19.0%","6,120","1,178","19.2%","2,677","212","7.9%","4,449","548","12.3%","4,720","497","10.5%","0","0","-","4","0","0.0%"